Text_Type,Book,Chapter,Window,Mean,StDev
SN,AS,kalpa,481,17.01,11.35
SN,AS,kalpa,480,17.19,11.56
SN,AS,kalpa,485,17.3,11.64
SN,AS,kalpa,479,17.54,12.2
SN,AS,kalpa,594,17.6,14.19
SN,AS,kalpa,484,17.62,11.32
SN,AS,kalpa,482,17.63,11.3
SN,AS,kalpa,478,17.99,13.26
SN,AS,kalpa,483,18.01,11.36
SN,AS,kalpa,561,18.07,19.03
SN,AS,kalpa,593,18.08,15.55
SN,AS,kalpa,477,18.1,13.39
SN,AS,kalpa,433,18.22,19.04
SN,AS,kalpa,136,18.26,19.54
SN,AS,kalpa,562,18.26,18.77
SN,AS,kalpa,595,18.27,14.05
SN,AS,kalpa,170,18.41,19.39
SN,AS,kalpa,432,18.43,18.74
SN,AS,kalpa,560,18.43,19.18
SN,AS,kalpa,486,18.44,12.14
SN,AS,kalpa,171,18.45,19.45
SN,AS,kalpa,659,18.52,19.26
SN,AS,kalpa,559,18.59,18.96
SN,AS,kalpa,135,18.61,20.41
SN,AS,kalpa,437,18.61,19.69
SN,AS,kalpa,645,18.61,17.1
SN,AS,kalpa,474,18.62,14.02
SN,AS,kalpa,658,18.66,19.51
SN,AS,kalpa,361,18.71,13.7
SN,AS,kalpa,360,18.75,14.98
SN,AS,kalpa,644,18.76,17.92
SN,AS,kalpa,169,18.77,19.41
SN,AS,kalpa,434,18.77,19.08
SN,AS,kalpa,436,18.78,19.67
SN,AS,kalpa,646,18.8,16.98
SN,AS,kalpa,596,18.81,12.82
SN,AS,kalpa,564,18.82,18.25
SN,AS,kalpa,134,18.86,20.88
SN,AS,kalpa,435,18.88,19.7
SN,AS,kalpa,168,18.92,19.95
SN,AS,kalpa,359,18.93,16.06
SN,AS,kalpa,431,18.95,20.37
SN,AS,kalpa,427,18.96,18.99
SN,AS,kalpa,634,18.96,16.11
SN,AS,kalpa,866,18.98,19.41
SN,AS,kalpa,893,19,20.71
SN,AS,kalpa,476,19.01,14.09
SN,AS,kalpa,710,19.03,18.51
SN,AS,kalpa,133,19.04,21.28
SN,AS,kalpa,642,19.04,18.2
SN,AS,kalpa,812,19.04,19.39
SN,AS,kalpa,165,19.06,19.84
SN,AS,kalpa,475,19.06,14.09
SN,AS,kalpa,565,19.06,17.77
SN,AS,kalpa,164,19.07,20.19
SN,AS,kalpa,241,19.08,13.09
SN,AS,kalpa,167,19.1,19.82
SN,AS,kalpa,558,19.1,19.39
SN,AS,kalpa,563,19.11,18.6
SN,AS,kalpa,660,19.11,20.27
SN,AS,kalpa,438,19.12,20.2
SN,AS,kalpa,557,19.12,19.74
SN,AS,kalpa,633,19.15,14.37
SN,AS,kalpa,637,19.15,17.74
SN,AS,kalpa,808,19.15,18.42
SN,AS,kalpa,892,19.15,20.35
SN,AS,kalpa,592,19.16,16.5
SN,AS,kalpa,641,19.16,17.94
SN,AS,kalpa,429,19.18,19.82
SN,AS,kalpa,430,19.18,19.82
SN,AS,kalpa,886,19.19,20.61
SN,AS,kalpa,635,19.23,16.79
SN,AS,kalpa,139,19.24,19.9
SN,AS,kalpa,148,19.25,19.17
SN,AS,kalpa,428,19.25,19.22
SN,AS,kalpa,638,19.27,17.15
SN,AS,kalpa,138,19.3,19.93
SN,AS,kalpa,358,19.37,16.51
SN,AS,kalpa,772,19.38,18.73
SN,AS,kalpa,815,19.39,19.35
SN,AS,kalpa,867,19.4,20.36
SN,AS,kalpa,147,19.41,19.22
SN,AS,kalpa,94,19.45,19.37
SN,AS,kalpa,131,19.47,21.49
SN,AS,kalpa,809,19.49,18.71
SN,AS,kalpa,425,19.5,17.14
SN,AS,kalpa,426,19.5,18.03
SN,AS,kalpa,439,19.5,20.09
SN,AS,kalpa,868,19.5,19.73
SN,AS,kalpa,472,19.52,14.45
SN,AS,kalpa,137,19.54,19.95
SN,AS,kalpa,503,19.55,19.93
SN,AS,kalpa,239,19.56,14.73
SN,AS,kalpa,639,19.56,17.76
SN,AS,kalpa,555,19.58,18.96
SN,AS,kalpa,473,19.59,14.86
SN,AS,kalpa,813,19.59,19.59
SN,AS,kalpa,885,19.59,20.42
SN,AS,kalpa,709,19.6,20.44
SN,AS,kalpa,162,19.62,19.99
SN,AS,kalpa,535,19.62,19.55
SN,AS,kalpa,804,19.62,18.91
SN,AS,kalpa,101,19.63,19.91
SN,AS,kalpa,102,19.63,19.91
SN,AS,kalpa,172,19.66,20.27
SN,AS,kalpa,636,19.66,17.61
SN,AS,kalpa,770,19.66,19.71
SN,AS,kalpa,771,19.66,19.71
SN,AS,kalpa,773,19.68,19.08
SN,AS,kalpa,163,19.69,20.22
SN,AS,kalpa,869,19.73,19.42
SN,AS,kalpa,534,19.74,19.02
SN,AS,kalpa,105,19.75,20.65
SN,AS,kalpa,597,19.75,11.93
SN,AS,kalpa,810,19.76,19.4
SN,AS,kalpa,98,19.77,19.63
SN,AS,kalpa,202,19.77,20.1
SN,AS,kalpa,894,19.78,21.15
SN,AS,kalpa,883,19.79,20.17
SN,AS,kalpa,706,19.8,19.31
SN,AS,kalpa,556,19.81,19.4
SN,AS,kalpa,643,19.82,18.69
SN,AS,kalpa,140,19.83,20.34
SN,AS,kalpa,160,19.84,20.22
SN,AS,kalpa,640,19.84,18.23
SN,AS,kalpa,647,19.84,17.44
SN,AS,kalpa,816,19.85,19.82
SN,AS,kalpa,887,19.87,21.22
SN,AS,kalpa,173,19.88,20.74
SN,AS,kalpa,423,19.89,16.16
SN,AS,kalpa,888,19.89,20.8
SN,AS,kalpa,493,19.9,18.46
SN,AS,kalpa,661,19.9,20.63
SN,AS,kalpa,707,19.9,19.6
SN,AS,kalpa,161,19.91,19.8
SN,AS,kalpa,362,19.91,13.06
SN,AS,kalpa,424,19.91,16.34
SN,AS,kalpa,92,19.92,18.65
SN,AS,kalpa,174,19.92,20.2
SN,AS,kalpa,95,19.94,19.37
SN,AS,kalpa,811,19.94,19.77
SN,AS,kalpa,357,19.95,17.44
SN,AS,kalpa,242,19.96,11.5
SN,AS,kalpa,132,19.98,21.97
SN,AS,kalpa,166,19.98,19.92
SN,AS,kalpa,130,19.99,21.87
SN,AS,kalpa,632,19.99,14.03
SN,AS,kalpa,142,20.01,20.16
SN,AS,kalpa,814,20.02,19.89
SN,AS,kalpa,104,20.04,20.79
SN,AS,kalpa,502,20.04,20.25
SN,AS,kalpa,708,20.05,20.5
SN,AS,kalpa,129,20.06,21.91
SN,AS,kalpa,662,20.06,20.87
SN,AS,kalpa,210,20.07,20.13
SN,AS,kalpa,824,20.08,21.8
SN,AS,kalpa,530,20.09,19.02
SN,AS,kalpa,774,20.09,18.87
SN,AS,kalpa,862,20.09,19.42
SN,AS,kalpa,874,20.09,19.11
SN,AS,kalpa,487,20.1,13.32
SN,AS,kalpa,775,20.1,18.27
SN,AS,kalpa,103,20.11,20.5
SN,AS,kalpa,504,20.11,21.12
SN,AS,kalpa,818,20.11,20.67
SN,AS,kalpa,819,20.11,21.38
SN,AS,kalpa,872,20.11,19.68
SN,AS,kalpa,668,20.13,21.82
SN,AS,kalpa,756,20.14,21.86
SN,AS,kalpa,817,20.15,20.06
SN,AS,kalpa,144,20.17,20.34
SN,AS,kalpa,491,20.17,16.89
SN,AS,kalpa,865,20.17,19.2
SN,AS,kalpa,141,20.18,20.46
SN,AS,kalpa,588,20.18,18.95
SN,AS,kalpa,761,20.19,21.97
SN,AS,kalpa,823,20.2,21.59
SN,AS,kalpa,566,20.21,18.12
SN,AS,kalpa,695,20.21,19.86
SN,AS,kalpa,759,20.21,21.9
SN,AS,kalpa,820,20.21,21.82
SN,AS,kalpa,93,20.22,18.81
SN,AS,kalpa,760,20.22,21.66
SN,AS,kalpa,769,20.23,20.37
SN,AS,kalpa,882,20.23,20.01
SN,AS,kalpa,143,20.24,20.08
SN,AS,kalpa,870,20.24,20.69
SN,AS,kalpa,149,20.25,20.15
SN,AS,kalpa,768,20.25,20.03
SN,AS,kalpa,864,20.25,19.12
SN,AS,kalpa,203,20.26,20.48
SN,AS,kalpa,209,20.26,19.99
SN,AS,kalpa,513,20.26,20.59
SN,AS,kalpa,536,20.27,20.51
SN,AS,kalpa,537,20.27,20.51
SN,AS,kalpa,765,20.27,21
SN,AS,kalpa,652,20.28,18.02
SN,AS,kalpa,533,20.29,18.48
SN,AS,kalpa,895,20.29,20.73
SN,AS,kalpa,146,20.3,19.93
SN,AS,kalpa,99,20.33,19.95
SN,AS,kalpa,657,20.33,20.21
SN,AS,kalpa,745,20.33,22.53
SN,AS,kalpa,827,20.33,21.42
SN,AS,kalpa,240,20.35,14.03
SN,AS,kalpa,744,20.36,22.62
SN,AS,kalpa,201,20.39,19.64
SN,AS,kalpa,739,20.39,22.4
SN,AS,kalpa,741,20.39,22.4
SN,AS,kalpa,766,20.39,20.43
SN,AS,kalpa,211,20.4,20.94
SN,AS,kalpa,489,20.4,14.45
SN,AS,kalpa,858,20.4,19.3
SN,AS,kalpa,859,20.41,19.17
SN,AS,kalpa,175,20.42,20.38
SN,AS,kalpa,207,20.42,20.14
SN,AS,kalpa,492,20.42,17.98
SN,AS,kalpa,758,20.42,22.16
SN,AS,kalpa,567,20.43,18.85
SN,AS,kalpa,440,20.44,20.68
SN,AS,kalpa,807,20.45,18.96
SN,AS,kalpa,875,20.45,19.12
SN,AS,kalpa,189,20.46,21.47
SN,AS,kalpa,490,20.46,16.19
SN,AS,kalpa,96,20.47,19.57
SN,AS,kalpa,100,20.47,19.95
SN,AS,kalpa,694,20.47,20.32
SN,AS,kalpa,742,20.47,22.62
SN,AS,kalpa,743,20.47,22.62
SN,AS,kalpa,208,20.48,20.22
SN,AS,kalpa,450,20.48,20.95
SN,AS,kalpa,863,20.48,20.14
SN,AS,kalpa,890,20.48,21.6
SN,AS,kalpa,663,20.49,21.76
SN,AS,kalpa,806,20.49,19.37
SN,AS,kalpa,97,20.51,19.09
SN,AS,kalpa,204,20.51,20.55
SN,AS,kalpa,506,20.51,22.07
SN,AS,kalpa,747,20.51,22.81
SN,AS,kalpa,755,20.52,22.09
SN,AS,kalpa,822,20.53,21.81
SN,AS,kalpa,488,20.54,14.16
SN,AS,kalpa,505,20.54,21.47
SN,AS,kalpa,749,20.54,22.53
SN,AS,kalpa,159,20.55,19.8
SN,AS,kalpa,448,20.55,20.7
SN,AS,kalpa,90,20.56,19.58
SN,AS,kalpa,107,20.56,21.06
SN,AS,kalpa,205,20.56,20.35
SN,AS,kalpa,206,20.56,20.35
SN,AS,kalpa,193,20.57,20.48
SN,AS,kalpa,356,20.57,19.22
SN,AS,kalpa,501,20.57,20.57
SN,AS,kalpa,522,20.58,18.75
SN,AS,kalpa,651,20.58,18.31
SN,AS,kalpa,192,20.6,20.77
SN,AS,kalpa,177,20.61,20.47
SN,AS,kalpa,531,20.61,18.54
SN,AS,kalpa,194,20.62,19.86
SN,AS,kalpa,106,20.64,20.93
SN,AS,kalpa,691,20.65,19.47
SN,AS,kalpa,190,20.67,21.49
SN,AS,kalpa,748,20.67,22.93
SN,AS,kalpa,861,20.68,19.69
SN,AS,kalpa,881,20.69,20.66
SN,AS,kalpa,762,20.7,22.02
SN,AS,kalpa,803,20.7,19.45
SN,AS,kalpa,112,20.73,22.22
SN,AS,kalpa,656,20.73,19.9
SN,AS,kalpa,879,20.73,20.26
SN,AS,kalpa,113,20.75,22.49
SN,AS,kalpa,363,20.75,12.26
SN,AS,kalpa,538,20.75,21.18
SN,AS,kalpa,860,20.75,19.38
SN,AS,kalpa,523,20.76,19.09
SN,AS,kalpa,757,20.79,22.12
SN,AS,kalpa,711,20.8,18.94
SN,AS,kalpa,764,20.8,21.77
SN,AS,kalpa,884,20.81,20.99
SN,AS,kalpa,856,20.82,18.18
SN,AS,kalpa,889,20.84,21.72
SN,AS,kalpa,857,20.85,19.92
SN,AS,kalpa,176,20.87,20.93
SN,AS,kalpa,420,20.87,15.78
SN,AS,kalpa,767,20.87,20.51
SN,AS,kalpa,876,20.87,19.74
SN,AS,kalpa,128,20.88,22.44
SN,AS,kalpa,421,20.9,15.74
SN,AS,kalpa,871,20.9,20.14
SN,AS,kalpa,873,20.9,19.33
SN,AS,kalpa,445,20.91,20.95
SN,AS,kalpa,553,20.92,19.71
SN,AS,kalpa,498,20.93,20.63
SN,AS,kalpa,878,20.95,20.71
SN,AS,kalpa,880,20.95,20.58
SN,AS,kalpa,108,20.96,21.87
SN,AS,kalpa,500,20.96,20.97
SN,AS,kalpa,654,20.96,19.71
SN,AS,kalpa,655,20.96,19.71
SN,AS,kalpa,145,20.97,20.18
SN,AS,kalpa,587,20.97,19.73
SN,AS,kalpa,512,20.98,20.99
SN,AS,kalpa,631,20.99,13.78
SN,AS,kalpa,705,20.99,19.49
SN,AS,kalpa,446,21,21.17
SN,AS,kalpa,750,21,22.93
SN,AS,kalpa,466,21.02,16.65
SN,AS,kalpa,740,21.02,22.86
SN,AS,kalpa,355,21.03,20.74
SN,AS,kalpa,539,21.03,20.44
SN,AS,kalpa,825,21.04,22.22
SN,AS,kalpa,826,21.04,22.22
SN,AS,kalpa,191,21.06,21.53
SN,AS,kalpa,353,21.07,22.82
SN,AS,kalpa,447,21.07,21.16
SN,AS,kalpa,746,21.08,23.25
SN,AS,kalpa,110,21.09,21.86
SN,AS,kalpa,821,21.09,22.46
SN,AS,kalpa,586,21.1,19.33
SN,AS,kalpa,667,21.1,22.63
SN,AS,kalpa,91,21.11,18.83
SN,AS,kalpa,520,21.11,20.03
SN,AS,kalpa,832,21.11,20.91
SN,AS,kalpa,158,21.12,19.86
SN,AS,kalpa,89,21.13,20.5
SN,AS,kalpa,763,21.13,22.34
SN,AS,kalpa,525,21.15,18.75
SN,AS,kalpa,238,21.18,17.1
SN,AS,kalpa,507,21.18,22.58
SN,AS,kalpa,754,21.19,22.68
SN,AS,kalpa,714,21.2,20.1
SN,AS,kalpa,715,21.2,20.17
SN,AS,kalpa,422,21.21,16.14
SN,AS,kalpa,229,21.23,21.27
SN,AS,kalpa,354,21.24,21.95
SN,AS,kalpa,88,21.26,19.26
SN,AS,kalpa,532,21.26,18.37
SN,AS,kalpa,700,21.27,20.28
SN,AS,kalpa,712,21.27,19.35
SN,AS,kalpa,245,21.31,8.92
SN,AS,kalpa,828,21.31,21.96
SN,AS,kalpa,212,21.32,20.99
SN,AS,kalpa,648,21.32,18.47
SN,AS,kalpa,751,21.33,22.99
SN,AS,kalpa,197,21.35,19.64
SN,AS,kalpa,719,21.35,20.66
SN,AS,kalpa,591,21.36,18.26
SN,AS,kalpa,671,21.36,22.9
SN,AS,kalpa,243,21.37,10.41
SN,AS,kalpa,891,21.37,21.98
SN,AS,kalpa,529,21.38,19.25
SN,AS,kalpa,552,21.38,19.05
SN,AS,kalpa,554,21.38,19.97
SN,AS,kalpa,753,21.38,23.03
SN,AS,kalpa,449,21.39,21.57
SN,AS,kalpa,780,21.4,19.2
SN,AS,kalpa,196,21.41,19.85
SN,AS,kalpa,200,21.41,19.84
SN,AS,kalpa,494,21.41,19.01
SN,AS,kalpa,716,21.41,20.6
SN,AS,kalpa,718,21.41,20.61
SN,AS,kalpa,157,21.46,20.49
SN,AS,kalpa,516,21.46,21.33
SN,AS,kalpa,650,21.47,18.35
SN,AS,kalpa,697,21.47,20.05
SN,AS,kalpa,524,21.49,18.97
SN,AS,kalpa,896,21.49,20.94
SN,AS,kalpa,511,21.5,21.4
SN,AS,kalpa,664,21.5,22.55
SN,AS,kalpa,696,21.5,20.37
SN,AS,kalpa,724,21.5,20.9
SN,AS,kalpa,471,21.52,14.86
SN,AS,kalpa,670,21.52,22.96
SN,AS,kalpa,188,21.53,21.81
SN,AS,kalpa,665,21.54,22.75
SN,AS,kalpa,713,21.55,20.35
SN,AS,kalpa,854,21.55,18.43
SN,AS,kalpa,738,21.56,22.79
SN,AS,kalpa,496,21.57,21.29
SN,AS,kalpa,497,21.57,21.29
SN,AS,kalpa,855,21.58,18.47
SN,AS,kalpa,213,21.59,21.62
SN,AS,kalpa,669,21.59,22.96
SN,AS,kalpa,551,21.6,19.22
SN,AS,kalpa,653,21.6,19.61
SN,AS,kalpa,877,21.6,20.15
SN,AS,kalpa,519,21.61,20.56
SN,AS,kalpa,127,21.62,22.95
SN,AS,kalpa,499,21.62,20.82
SN,AS,kalpa,568,21.62,19.63
SN,AS,kalpa,111,21.63,22.97
SN,AS,kalpa,364,21.64,12.6
SN,AS,kalpa,805,21.64,20.52
SN,AS,kalpa,150,21.65,20.96
SN,AS,kalpa,725,21.66,21.34
SN,AS,kalpa,155,21.68,21.25
SN,AS,kalpa,246,21.71,8.51
SN,AS,kalpa,570,21.72,20.41
SN,AS,kalpa,195,21.73,20.04
SN,AS,kalpa,723,21.73,21.02
SN,AS,kalpa,690,21.75,20.09
SN,AS,kalpa,464,21.78,19.04
SN,AS,kalpa,528,21.78,19.32
SN,AS,kalpa,717,21.78,20.28
SN,AS,kalpa,153,21.79,21.26
SN,AS,kalpa,156,21.79,21.28
SN,AS,kalpa,672,21.82,23.24
SN,AS,kalpa,216,21.85,22.57
SN,AS,kalpa,526,21.86,18.87
SN,AS,kalpa,151,21.87,21.01
SN,AS,kalpa,152,21.87,21.42
SN,AS,kalpa,722,21.89,21.03
SN,AS,kalpa,674,21.9,23.17
SN,AS,kalpa,465,21.92,17.99
SN,AS,kalpa,514,21.92,21.78
SN,AS,kalpa,698,21.92,19.88
SN,AS,kalpa,230,21.94,21.66
SN,AS,kalpa,521,21.94,19.49
SN,AS,kalpa,848,21.94,18.77
SN,AS,kalpa,215,21.95,22.37
SN,AS,kalpa,451,21.99,22.02
SN,AS,kalpa,693,22,21.16
SN,AS,kalpa,721,22,20.6
SN,AS,kalpa,508,22.01,22.58
SN,AS,kalpa,673,22.01,23.26
SN,AS,kalpa,441,22.02,21.31
SN,AS,kalpa,720,22.03,21.63
SN,AS,kalpa,598,22.04,11.4
SN,AS,kalpa,835,22.05,20.74
SN,AS,kalpa,154,22.06,21.41
SN,AS,kalpa,178,22.06,20.92
SN,AS,kalpa,589,22.08,19.88
SN,AS,kalpa,109,22.11,22.06
SN,AS,kalpa,114,22.13,23.21
SN,AS,kalpa,777,22.13,18.87
SN,AS,kalpa,830,22.15,22.14
SN,AS,kalpa,666,22.16,23.38
SN,AS,kalpa,467,22.17,16.23
SN,AS,kalpa,517,22.17,21.64
SN,AS,kalpa,584,22.17,20.55
SN,AS,kalpa,444,22.18,21.67
SN,AS,kalpa,726,22.18,21.67
SN,AS,kalpa,853,22.18,18.92
SN,AS,kalpa,244,22.21,9.93
SN,AS,kalpa,701,22.21,20.37
SN,AS,kalpa,836,22.21,20.33
SN,AS,kalpa,352,22.23,23.45
SN,AS,kalpa,540,22.23,21.09
SN,AS,kalpa,699,22.23,20.62
SN,AS,kalpa,834,22.24,21.14
SN,AS,kalpa,126,22.25,23.19
SN,AS,kalpa,776,22.26,18.8
SN,AS,kalpa,829,22.26,22.55
SN,AS,kalpa,214,22.27,22.12
SN,AS,kalpa,733,22.28,20.94
SN,AS,kalpa,688,22.3,21.04
SN,AS,kalpa,727,22.3,21.41
SN,AS,kalpa,802,22.33,20.71
SN,AS,kalpa,833,22.34,21.61
SN,AS,kalpa,543,22.38,20.64
SN,AS,kalpa,1004,22.38,9.23
SN,AS,kalpa,692,22.4,20.23
SN,AS,kalpa,788,22.4,20.22
SN,AS,kalpa,527,22.43,19.14
SN,AS,kalpa,675,22.43,23.66
SN,AS,kalpa,495,22.44,21.01
SN,AS,kalpa,585,22.45,20.28
SN,AS,kalpa,677,22.46,23.72
SN,AS,kalpa,752,22.46,23.57
SN,AS,kalpa,649,22.47,18.72
SN,AS,kalpa,704,22.5,20.19
SN,AS,kalpa,847,22.51,18.82
SN,AS,kalpa,510,22.52,22.42
SN,AS,kalpa,544,22.53,19.98
SN,AS,kalpa,778,22.54,19.76
SN,AS,kalpa,470,22.59,15.47
SN,AS,kalpa,737,22.59,22.62
SN,AS,kalpa,247,22.62,8.62
SN,AS,kalpa,687,22.62,22.51
SN,AS,kalpa,442,22.64,21.65
SN,AS,kalpa,233,22.66,20.98
SN,AS,kalpa,784,22.67,20.69
SN,AS,kalpa,786,22.67,20.63
SN,AS,kalpa,787,22.67,20.63
SN,AS,kalpa,549,22.68,21.16
SN,AS,kalpa,198,22.69,19.75
SN,AS,kalpa,518,22.69,21.26
SN,AS,kalpa,972,22.69,9.12
SN,AS,kalpa,179,22.7,20.68
SN,AS,kalpa,1005,22.72,9.53
SN,AS,kalpa,509,22.73,22.33
SN,AS,kalpa,199,22.76,20.09
SN,AS,kalpa,781,22.77,20.18
SN,AS,kalpa,237,22.78,18.97
SN,AS,kalpa,703,22.78,19.78
SN,AS,kalpa,463,22.81,20.07
SN,AS,kalpa,849,22.82,19.04
SN,AS,kalpa,676,22.86,23.92
SN,AS,kalpa,116,22.88,23.88
SN,AS,kalpa,735,22.88,22.44
SN,AS,kalpa,468,22.9,16.54
SN,AS,kalpa,236,22.93,19.54
SN,AS,kalpa,181,22.94,21.16
SN,AS,kalpa,590,22.95,19.49
SN,AS,kalpa,689,22.95,21.02
SN,AS,kalpa,729,22.97,21.51
SN,AS,kalpa,801,22.97,20.98
SN,AS,kalpa,548,23,21.29
SN,AS,kalpa,681,23,24.06
SN,AS,kalpa,728,23,21.72
SN,AS,kalpa,897,23.01,21.57
SN,AS,kalpa,579,23.02,20.61
SN,AS,kalpa,234,23.04,20.34
SN,AS,kalpa,734,23.04,21.4
SN,AS,kalpa,461,23.06,21.57
SN,AS,kalpa,419,23.07,15.95
SN,AS,kalpa,571,23.09,21.1
SN,AS,kalpa,582,23.1,21.31
SN,AS,kalpa,228,23.11,21.31
SN,AS,kalpa,846,23.11,19.07
SN,AS,kalpa,702,23.13,20.64
SN,AS,kalpa,119,23.14,24.34
SN,AS,kalpa,120,23.17,24.24
SN,AS,kalpa,515,23.21,21.71
SN,AS,kalpa,452,23.22,22.54
SN,AS,kalpa,779,23.22,20.07
SN,AS,kalpa,682,23.26,23.95
SN,AS,kalpa,686,23.28,22.96
SN,AS,kalpa,736,23.29,22.68
SN,AS,kalpa,971,23.32,9.62
SN,AS,kalpa,180,23.34,21.1
SN,AS,kalpa,248,23.34,8.71
SN,AS,kalpa,542,23.34,21.03
SN,AS,kalpa,583,23.34,20.62
SN,AS,kalpa,348,23.36,19.68
SN,AS,kalpa,124,23.37,24.19
SN,AS,kalpa,785,23.37,21.21
SN,AS,kalpa,630,23.39,13.29
SN,AS,kalpa,730,23.39,22.08
SN,AS,kalpa,782,23.41,20.82
SN,AS,kalpa,679,23.43,24.28
SN,AS,kalpa,541,23.45,21.55
SN,AS,kalpa,852,23.45,19.3
SN,AS,kalpa,572,23.52,21.39
SN,AS,kalpa,231,23.53,22.03
SN,AS,kalpa,831,23.53,23.05
SN,AS,kalpa,731,23.56,22.11
SN,AS,kalpa,837,23.56,20.8
SN,AS,kalpa,838,23.56,20.8
SN,AS,kalpa,339,23.57,15.07
SN,AS,kalpa,347,23.58,18.61
SN,AS,kalpa,469,23.58,16.52
SN,AS,kalpa,550,23.62,21.04
SN,AS,kalpa,1003,23.62,9.01
SN,AS,kalpa,789,23.64,21.05
SN,AS,kalpa,125,23.67,23.7
SN,AS,kalpa,443,23.67,21.68
SN,AS,kalpa,365,23.68,12.5
SN,AS,kalpa,573,23.69,21.57
SN,AS,kalpa,185,23.7,22.68
SN,AS,kalpa,186,23.7,22.62
SN,AS,kalpa,220,23.72,23.72
SN,AS,kalpa,115,23.75,23.91
SN,AS,kalpa,235,23.76,20.81
SN,AS,kalpa,232,23.77,22.02
SN,AS,kalpa,547,23.8,21.68
SN,AS,kalpa,678,23.81,24.55
SN,AS,kalpa,121,23.82,24.62
SN,AS,kalpa,839,23.84,20.85
SN,AS,kalpa,580,23.85,22.01
SN,AS,kalpa,581,23.86,21.82
SN,AS,kalpa,599,23.86,10.33
SN,AS,kalpa,680,23.86,24.6
SN,AS,kalpa,800,23.87,21.58
SN,AS,kalpa,460,23.88,21.72
SN,AS,kalpa,850,23.88,19.57
SN,AS,kalpa,217,23.89,24.11
SN,AS,kalpa,845,23.9,19.33
SN,AS,kalpa,342,23.92,15.42
SN,AS,kalpa,844,23.92,20.5
SN,AS,kalpa,732,23.95,21.75
SN,AS,kalpa,967,23.97,10.23
SN,AS,kalpa,227,24.03,22.18
SN,AS,kalpa,118,24.04,24.64
SN,AS,kalpa,117,24.05,24.63
SN,AS,kalpa,843,24.07,19.74
SN,AS,kalpa,184,24.08,23.08
SN,AS,kalpa,187,24.11,22.59
SN,AS,kalpa,966,24.12,9.67
SN,AS,kalpa,218,24.14,24.16
SN,AS,kalpa,569,24.15,21.61
SN,AS,kalpa,545,24.16,20.8
SN,AS,kalpa,85,24.21,15.84
SN,AS,kalpa,86,24.22,15.29
SN,AS,kalpa,453,24.23,22.66
SN,AS,kalpa,783,24.24,20.95
SN,AS,kalpa,349,24.25,21.6
SN,AS,kalpa,123,24.31,24.87
SN,AS,kalpa,83,24.33,14.86
SN,AS,kalpa,340,24.35,15.42
SN,AS,kalpa,219,24.37,24.39
SN,AS,kalpa,454,24.41,22.66
SN,AS,kalpa,546,24.41,21.47
SN,AS,kalpa,898,24.43,21.69
SN,AS,kalpa,851,24.44,19.2
SN,AS,kalpa,344,24.57,17.55
SN,AS,kalpa,456,24.58,22.5
SN,AS,kalpa,790,24.61,22.17
SN,AS,kalpa,974,24.63,9.44
SN,AS,kalpa,840,24.71,21.04
SN,AS,kalpa,1002,24.71,8.75
SN,AS,kalpa,82,24.72,14.49
SN,AS,kalpa,343,24.72,16.45
SN,AS,kalpa,183,24.73,22.96
SN,AS,kalpa,182,24.77,22.21
SN,AS,kalpa,87,24.82,16.07
SN,AS,kalpa,221,24.83,24.08
SN,AS,kalpa,366,24.83,12.62
SN,AS,kalpa,578,24.89,21.66
SN,AS,kalpa,629,24.89,12.54
SN,AS,kalpa,575,24.92,22.35
SN,AS,kalpa,628,24.93,11.25
SN,AS,kalpa,341,24.96,16.3
SN,AS,kalpa,462,24.97,21.52
SN,AS,kalpa,338,24.98,15.42
SN,AS,kalpa,973,25.01,9.4
SN,AS,kalpa,685,25.09,23.64
SN,AS,kalpa,956,25.14,10.83
SN,AS,kalpa,574,25.17,22.5
SN,AS,kalpa,968,25.17,10.25
SN,AS,kalpa,122,25.19,25.36
SN,AS,kalpa,351,25.22,25.27
SN,AS,kalpa,600,25.37,10.18
SN,AS,kalpa,367,25.38,12.59
SN,AS,kalpa,842,25.4,19.99
SN,AS,kalpa,684,25.43,23.9
SN,AS,kalpa,249,25.44,9.46
SN,AS,kalpa,457,25.48,24.39
SN,AS,kalpa,84,25.49,15.54
SN,AS,kalpa,975,25.53,10.3
SN,AS,kalpa,226,25.54,22.73
SN,AS,kalpa,350,25.55,23.45
SN,AS,kalpa,345,25.59,18.24
SN,AS,kalpa,346,25.59,18.31
SN,AS,kalpa,576,25.6,22.45
SN,AS,kalpa,455,25.66,23.49
SN,AS,kalpa,222,25.68,23.55
SN,AS,kalpa,841,25.79,20.83
SN,AS,kalpa,627,25.82,12.04
SN,AS,kalpa,965,25.82,9.64
SN,AS,kalpa,225,25.9,23.02
SN,AS,kalpa,794,25.91,20.69
SN,AS,kalpa,577,25.93,22.64
SN,AS,kalpa,683,26.03,24.17
SN,AS,kalpa,970,26.04,10.66
SN,AS,kalpa,626,26.05,11.21
SN,AS,kalpa,795,26.08,20.57
SN,AS,kalpa,957,26.13,11.12
SN,AS,kalpa,964,26.16,9.44
SN,AS,kalpa,418,26.24,15.73
SN,AS,kalpa,625,26.25,11.01
SN,AS,kalpa,791,26.26,22.73
SN,AS,kalpa,250,26.27,9.88
SN,AS,kalpa,458,26.31,24.63
SN,AS,kalpa,792,26.39,22.47
SN,AS,kalpa,955,26.41,11.56
SN,AS,kalpa,223,26.43,23.08
SN,AS,kalpa,953,26.63,12.25
SN,AS,kalpa,601,26.7,10.28
SN,AS,kalpa,799,26.73,21.98
SN,AS,kalpa,459,26.76,23.85
SN,AS,kalpa,969,26.84,11.02
SN,AS,kalpa,796,26.9,20.91
SN,AS,kalpa,1001,27.01,9.06
SN,AS,kalpa,963,27.03,10.48
SN,AS,kalpa,899,27.09,21.98
SN,AS,kalpa,251,27.11,10.34
SN,AS,kalpa,224,27.21,23.37
SN,AS,kalpa,793,27.27,22.29
SN,AS,kalpa,337,27.38,16.15
SN,AS,kalpa,976,27.39,11.16
SN,AS,kalpa,81,27.43,15.26
SN,AS,kalpa,417,27.49,15.78
SN,AS,kalpa,978,27.7,11.59
SN,AS,kalpa,954,27.77,12.6
SN,AS,kalpa,798,27.81,22.09
SN,AS,kalpa,252,27.85,10.59
SN,AS,kalpa,416,27.9,15.83
SN,AS,kalpa,253,28.18,11.42
SN,AS,kalpa,1000,28.25,9.31
SN,AS,kalpa,622,28.27,9.74
SN,AS,kalpa,602,28.33,10.38
SN,AS,kalpa,624,28.4,10.27
SN,AS,kalpa,958,28.41,11.88
SN,AS,kalpa,336,28.43,16.23
SN,AS,kalpa,797,28.45,22.19
SN,AS,kalpa,623,28.51,9.75
SN,AS,kalpa,621,28.79,9.59
SN,AS,kalpa,368,28.86,13.16
SN,AS,kalpa,80,29.02,14.94
SN,AS,kalpa,952,29.05,13.5
SN,AS,kalpa,335,29.14,16.35
SN,AS,kalpa,977,29.39,12.12
SN,AS,kalpa,900,29.47,21.9
SN,AS,kalpa,603,29.48,10.3
SN,AS,kalpa,999,29.63,9.57
SN,AS,kalpa,415,29.72,16.24
SN,AS,kalpa,620,29.86,9.49
SN,AS,kalpa,962,29.93,11.16
SN,AS,kalpa,334,30.32,16.08
SN,AS,kalpa,907,30.32,18.86
SN,AS,kalpa,604,30.33,10.14
SN,AS,kalpa,979,30.4,12.8
SN,AS,kalpa,951,30.48,14.49
SN,AS,kalpa,961,30.48,12.36
SN,AS,kalpa,984,30.66,12.74
SN,AS,kalpa,902,30.72,21.83
SN,AS,kalpa,79,30.76,15.19
SN,AS,kalpa,605,30.88,9.54
SN,AS,kalpa,332,31.01,16.27
SN,AS,kalpa,985,31.05,12.91
SN,AS,kalpa,369,31.36,13.66
SN,AS,kalpa,910,31.47,13.02
SN,AS,kalpa,254,31.48,13.81
SN,AS,kalpa,331,31.51,15.54
SN,AS,kalpa,912,31.54,11.32
SN,AS,kalpa,998,31.58,10.54
SN,AS,kalpa,606,31.64,9.47
SN,AS,kalpa,960,31.66,13.04
SN,AS,kalpa,906,31.67,20.5
SN,AS,kalpa,333,31.78,16.6
SN,AS,kalpa,913,31.86,10.94
SN,AS,kalpa,619,31.87,9.37
SN,AS,kalpa,986,31.9,13.27
SN,AS,kalpa,959,32.07,13.18
SN,AS,kalpa,607,32.24,9.3
SN,AS,kalpa,903,32.26,21.98
SN,AS,kalpa,911,32.34,12.52
SN,AS,kalpa,914,32.35,10.79
SN,AS,kalpa,414,32.44,16.96
SN,AS,kalpa,904,32.55,22.11
SN,AS,kalpa,924,32.68,12.62
SN,AS,kalpa,983,32.85,13.74
SN,AS,kalpa,901,32.92,21.74
SN,AS,kalpa,289,33.16,14.36
SN,AS,kalpa,78,33.24,15.59
SN,AS,kalpa,288,33.26,14.36
SN,AS,kalpa,925,33.27,13.46
SN,AS,kalpa,997,33.31,12.67
SN,AS,kalpa,290,33.41,14.45
SN,AS,kalpa,950,33.43,15.96
SN,AS,kalpa,905,33.57,21.64
SN,AS,kalpa,608,33.72,9.52
SN,AS,kalpa,317,33.74,15.8
SN,AS,kalpa,980,33.79,14.63
SN,AS,kalpa,923,33.88,12.66
SN,AS,kalpa,908,33.96,14.55
SN,AS,kalpa,909,33.96,13.62
SN,AS,kalpa,321,34,16.47
SN,AS,kalpa,255,34.01,15.57
SN,AS,kalpa,915,34.06,10.69
SN,AS,kalpa,996,34.06,12.34
SN,AS,kalpa,287,34.07,14.81
SN,AS,kalpa,291,34.08,15.64
SN,AS,kalpa,413,34.13,16.56
SN,AS,kalpa,330,34.19,16.67
SN,AS,kalpa,618,34.23,9.82
SN,AS,kalpa,318,34.24,16.04
SN,AS,kalpa,370,34.38,14.29
SN,AS,kalpa,917,34.39,10.72
SN,AS,kalpa,320,34.42,16.7
SN,AS,kalpa,328,34.42,16.84
SN,AS,kalpa,916,34.59,10.82
SN,AS,kalpa,987,34.6,14.18
SN,AS,kalpa,922,34.64,12.32
SN,AS,kalpa,995,34.67,12.36
SN,AS,kalpa,948,34.77,16.05
SN,AS,kalpa,292,34.81,16.08
SN,AS,kalpa,944,34.85,15.62
SN,AS,kalpa,329,34.86,17.15
SN,AS,kalpa,77,34.89,15.9
SN,AS,kalpa,946,34.98,16.35
SN,AS,kalpa,256,35.01,16.28
SN,AS,kalpa,947,35.16,16.21
SN,AS,kalpa,981,35.26,15.28
SN,AS,kalpa,926,35.27,14.75
SN,AS,kalpa,298,35.31,16.7
SN,AS,kalpa,327,35.51,17.08
SN,AS,kalpa,945,35.57,16.13
SN,AS,kalpa,921,35.62,11.99
SN,AS,kalpa,293,35.69,16.19
SN,AS,kalpa,322,35.77,17.29
SN,AS,kalpa,982,35.82,15.15
SN,AS,kalpa,319,35.86,17.31
SN,AS,kalpa,617,35.94,9.9
SN,AS,kalpa,949,35.94,16.99
SN,AS,kalpa,918,35.99,10.84
SN,AS,kalpa,326,36.24,17.08
SN,AS,kalpa,609,36.24,9.84
SN,AS,kalpa,927,36.35,15.69
SN,AS,kalpa,988,36.38,14.69
SN,AS,kalpa,76,36.48,16.65
SN,AS,kalpa,325,36.55,17.62
SN,AS,kalpa,257,36.56,16.97
SN,AS,kalpa,920,36.57,11.54
SN,AS,kalpa,294,36.93,16.83
SN,AS,kalpa,371,37.08,14.57
SN,AS,kalpa,324,37.13,17.33
SN,AS,kalpa,994,37.18,13.59
SN,AS,kalpa,412,37.21,17.42
SN,AS,kalpa,316,37.28,17.48
SN,AS,kalpa,258,37.36,17.77
SN,AS,kalpa,941,37.43,16.2
SN,AS,kalpa,310,37.51,17.1
SN,AS,kalpa,940,37.52,16.38
SN,AS,kalpa,297,37.53,17.05
SN,AS,kalpa,71,37.55,17.43
SN,AS,kalpa,73,37.56,17.29
SN,AS,kalpa,613,37.59,9.84
SN,AS,kalpa,309,37.6,16.94
SN,AS,kalpa,942,37.61,15.88
SN,AS,kalpa,75,37.66,17
SN,AS,kalpa,308,37.7,16.98
SN,AS,kalpa,611,37.72,10
SN,AS,kalpa,305,37.79,17.59
SN,AS,kalpa,74,37.84,17.16
SN,AS,kalpa,28,37.87,17.63
SN,AS,kalpa,943,37.97,17.03
SN,AS,kalpa,259,37.98,18.24
SN,AS,kalpa,612,37.99,10.1
SN,AS,kalpa,616,37.99,10.01
SN,AS,kalpa,70,38.05,17.34
SN,AS,kalpa,300,38.06,17.53
SN,AS,kalpa,323,38.14,18.34
SN,AS,kalpa,937,38.16,15.98
SN,AS,kalpa,72,38.25,17.69
SN,AS,kalpa,296,38.26,17.3
SN,AS,kalpa,938,38.31,16.47
SN,AS,kalpa,68,38.49,17.47
SN,AS,kalpa,302,38.66,18.05
SN,AS,kalpa,286,38.77,16.36
SN,AS,kalpa,299,38.79,18.43
SN,AS,kalpa,934,38.85,15.13
SN,AS,kalpa,29,38.92,17.48
SN,AS,kalpa,989,38.98,15.63
SN,AS,kalpa,993,39.14,14.51
SN,AS,kalpa,295,39.2,17.53
SN,AS,kalpa,919,39.21,11.81
SN,AS,kalpa,304,39.22,18.28
SN,AS,kalpa,31,39.44,17.99
SN,AS,kalpa,935,39.54,15.57
SN,AS,kalpa,27,39.58,18.61
SN,AS,kalpa,69,39.58,17.61
SN,AS,kalpa,315,39.61,18.18
SN,AS,kalpa,610,39.92,10.47
SN,AS,kalpa,929,39.94,17.16
SN,AS,kalpa,615,40.04,10.23
SN,AS,kalpa,311,40.1,18.3
SN,AS,kalpa,990,40.12,16.62
SN,AS,kalpa,307,40.21,18.33
SN,AS,kalpa,939,40.24,17.46
SN,AS,kalpa,411,40.33,18.28
SN,AS,kalpa,301,40.4,18.6
SN,AS,kalpa,936,40.4,15.92
SN,AS,kalpa,928,40.49,17.66
SN,AS,kalpa,285,40.65,17.42
SN,AS,kalpa,372,40.72,15.68
SN,AS,kalpa,314,40.78,18.78
SN,AS,kalpa,26,40.81,19.38
SN,AS,kalpa,306,41.05,18.2
SN,AS,kalpa,30,41.21,17.87
SN,AS,kalpa,67,41.37,18.09
SN,AS,kalpa,614,41.47,10.44
SN,AS,kalpa,303,41.49,19.18
SN,AS,kalpa,280,41.62,18.61
SN,AS,kalpa,312,41.71,18.74
SN,AS,kalpa,313,41.72,19.38
SN,AS,kalpa,930,41.74,17.65
SN,AS,kalpa,410,41.79,18.47
SN,AS,kalpa,32,41.93,19.34
SN,AS,kalpa,992,42.02,16.04
SN,AS,kalpa,933,42.13,16.59
SN,AS,kalpa,25,42.15,20.27
SN,AS,kalpa,991,42.17,16.76
SN,AS,kalpa,35,42.2,20.3
SN,AS,kalpa,931,42.31,17.63
SN,AS,kalpa,34,42.35,19.8
SN,AS,kalpa,33,42.47,19.64
SN,AS,kalpa,279,42.95,19.13
SN,AS,kalpa,284,42.98,19.11
SN,AS,kalpa,281,43.16,19.28
SN,AS,kalpa,283,43.29,19.68
SN,AS,kalpa,932,43.65,16.94
SN,AS,kalpa,282,43.66,19.44
SN,AS,kalpa,373,43.85,16.57
SN,AS,kalpa,37,43.9,21.05
SN,AS,kalpa,260,43.99,20.56
SN,AS,kalpa,278,44,19.96
SN,AS,kalpa,36,44.45,21.54
SN,AS,kalpa,49,44.7,19.92
SN,AS,kalpa,50,45.19,20.47
SN,AS,kalpa,409,45.22,19.35
SN,AS,kalpa,48,45.29,20.53
SN,AS,kalpa,274,45.71,20.49
SN,AS,kalpa,51,45.79,20.45
SN,AS,kalpa,261,45.83,21.58
SN,AS,kalpa,276,46.41,20.83
SN,AS,kalpa,53,46.52,20.15
SN,AS,kalpa,277,46.55,21.15
SN,AS,kalpa,47,47.16,20.98
SN,AS,kalpa,275,47.16,21.38
SN,AS,kalpa,52,47.28,20.86
SN,AS,kalpa,374,47.54,16.97
SN,AS,kalpa,408,47.56,19.66
SN,AS,kalpa,66,47.57,19.45
SN,AS,kalpa,23,47.71,21.96
SN,AS,kalpa,61,47.78,20.56
SN,AS,kalpa,54,47.79,20.21
SN,AS,kalpa,65,47.99,19.98
SN,AS,kalpa,272,48.31,22.22
SN,AS,kalpa,273,48.37,21.55
SN,AS,kalpa,22,48.63,22.02
SN,AS,kalpa,407,48.63,20.06
SN,AS,kalpa,270,48.79,22.55
SN,AS,kalpa,55,49.1,20.34
SN,AS,kalpa,24,49.2,23.39
SN,AS,kalpa,46,49.21,21.97
SN,AS,kalpa,62,49.34,20.79
SN,AS,kalpa,271,49.61,22.5
SN,AS,kalpa,64,49.96,20.52
SN,AS,kalpa,38,50.27,23.15
SN,AS,kalpa,60,50.4,21.71
SN,AS,kalpa,41,50.41,23.49
SN,AS,kalpa,21,50.52,22.22
SN,AS,kalpa,45,50.56,22.62
SN,AS,kalpa,266,50.57,23.46
SN,AS,kalpa,265,50.72,23.21
SN,AS,kalpa,269,50.92,23.43
SN,AS,kalpa,44,50.95,23.2
SN,AS,kalpa,406,50.95,20.35
SN,AS,kalpa,59,51.2,22.03
SN,AS,kalpa,56,51.62,21.37
SN,AS,kalpa,262,51.81,23.9
SN,AS,kalpa,63,51.88,20.92
SN,AS,kalpa,263,51.89,23.86
SN,AS,kalpa,40,52.01,23.78
SN,AS,kalpa,268,52.29,24.47
SN,AS,kalpa,375,52.66,18.12
SN,AS,kalpa,264,52.69,23.72
SN,AS,kalpa,267,53.42,24.77
SN,AS,kalpa,39,53.51,24.38
SN,AS,kalpa,57,53.88,22.13
SN,AS,kalpa,20,54.42,23.51
SN,AS,kalpa,14,54.51,24.17
SN,AS,kalpa,13,54.57,24.57
SN,AS,kalpa,43,54.61,24.42
SN,AS,kalpa,42,54.7,24.98
SN,AS,kalpa,58,55.06,23.05
SN,AS,kalpa,17,55.1,24.71
SN,AS,kalpa,15,55.11,25.48
SN,AS,kalpa,377,55.77,18.7
SN,AS,kalpa,378,55.77,18.7
SN,AS,kalpa,16,56.19,25.9
SN,AS,kalpa,19,56.26,24.38
SN,AS,kalpa,376,56.51,18.68
SN,AS,kalpa,405,57.7,21.6
SN,AS,kalpa,10,58.17,25.92
SN,AS,kalpa,12,58.6,25.8
SN,AS,kalpa,379,58.65,19.43
SN,AS,kalpa,11,58.76,26.06
SN,AS,kalpa,18,59.4,25.9
SN,AS,kalpa,9,60.18,26.57
SN,AS,kalpa,8,62.27,27.45
SN,AS,kalpa,404,62.33,22.47
SN,AS,kalpa,380,62.51,20.76
SN,AS,kalpa,403,64.67,22.38
SN,AS,kalpa,399,64.97,22.87
SN,AS,kalpa,398,65.45,22.79
SN,AS,kalpa,400,65.45,22.79
SN,AS,kalpa,401,65.99,22.75
SN,AS,kalpa,397,67.01,23.06
SN,AS,kalpa,402,67.64,23.05
SN,AS,kalpa,381,68.48,22.24
SN,AS,kalpa,7,68.81,29.4
SN,AS,kalpa,386,70.49,23.51
SN,AS,kalpa,1,70.81,30.34
SN,AS,kalpa,2,70.96,30.5
SN,AS,kalpa,385,71.02,23.47
SN,AS,kalpa,383,71.52,23.37
SN,AS,kalpa,384,71.52,23.37
SN,AS,kalpa,387,71.67,23.77
SN,AS,kalpa,3,72.11,30.82
SN,AS,kalpa,388,73.03,24.02
SN,AS,kalpa,396,73.54,23.95
SN,AS,kalpa,4,73.67,31.31
SN,AS,kalpa,382,73.72,23.62
SN,AS,kalpa,389,73.72,23.97
SN,AS,kalpa,6,75.25,31.1
SN,AS,kalpa,390,75.39,24.25
SN,AS,kalpa,395,76.21,24.18
SN,AS,kalpa,393,76.51,24.12
SN,AS,kalpa,5,76.58,31.87
SN,AS,kalpa,394,76.89,24.13
SN,AS,kalpa,391,77.85,24.48
SN,AS,kalpa,392,77.85,24.48
